{
    "NOAA-19": {
        "PRT_poly": [
            [
                301.3430,
                6.559203e-03,
                8.890766e-08,
                3.698309e-11,
                1.035249e-15,
                5.511736e-19
            ],
            [
                301.3513,
                6.57007E-03,
                8.810926E-08,
                3.661233E-11,
                1.102671E-15,
                5.730959E-19
            ],
            [
                301.3393,
                6.568216E-03,
                8.870932E-08,
                3.686241E-11,
                1.072081E-15,
                5.644733E-19
            ],
            [
                301.4060,
                6.565761E-03,
                8.805033E-08,
                3.693582E-11,
                1.126270E-15,
                5.590464E-19
            ],
            [
                301.3661,
                6.555488E-03,
                8.867036E-08,
                3.673157E-11,
                1.104859E-15,
                5.673649E-19
            ]
        ],
        "b": [
            0.001311,
            0.007803,
            0.018599,
            0.018578,
            0.018657,
            0.019877,
            0.020736,
            0.065019,
            0.038021,
            0.016169,
            0.075651,
            0.104860,
            0.016756,
            0.017841,
            0.016756,
            0.017311,
            0.032879,
            0.045757,
            0.276520
        ],
        "c": [
            0.99999,
            0.99996,
            0.99991,
            0.99992,
            0.99992,
            0.99991,
            0.99991,
            0.99977,
            0.99988,
            0.99994,
            0.99981,
            0.99997,
            0.99997,
            0.99997,
            0.99997,
            0.99997,
            0.99995,
            0.99993,
            0.99962
        ],
        "wavenumber": [
            669.33,
            680.31,
            688.85,
            702.65,
            715.80,
            733.39,
            749.12,
            899.46,
            1028.14,
            802.32,
            1362.20,
            1531.04,
            2185.02,
            2213.95,
            2232.65,
            2246.86,
            2420.81,
            2518.41,
            2661.92,
            14500
        ],
        "visChannel": {
            "a0": -0.30933333333,
            "a1": 0.00026666666
        }
    }
}