{
    "all": {
        "default_display_range": [
            [
                36.86337852393436,
                90.26521770555036
            ],
            [
                21.860945248083258,
                64.63552322335914
            ],
            [
                27.528313519041642,
                63.53607343853232
            ],
            [
                33.77197564063395,
                73.68420140253458
            ],
            [
                32.61717170389527,
                72.14364078741876
            ],
            [
                48.340982701729416,
                96.31830558145973
            ],
            [
                37.60856077830433,
                108.95491257379061
            ],
            [
                35.266678425532355,
                126.21074057058743
            ],
            [
                27.14480985546382,
                65.77565230406127
            ],
            [
                50.57820840060952,
                134.08759114976593
            ],
            [
                8.464477102571498,
                27.262258761162457
            ],
            [
                1.8988460809180947,
                6.324475885735753
            ],
            [
                0.25090052629982906,
                3.458011661540242
            ],
            [
                0.06794863114178527,
                1.5039750628469841
            ],
            [
                0.042481925123864624,
                0.7141393449572725
            ],
            [
                0.040267785265826195,
                0.5422758950774257
            ],
            [
                0.08448533597875292,
                1.5378130319251546
            ],
            [
                0.013625278552660536,
                1.6150283119979534
            ],
            [
                0.00624513676775845,
                0.9748543273615964
            ],
            [
                0,
                1
            ]
        ]
    },
    "NOAA-19": {
        "PRT_poly": [
            [
                301.3430,
                6.559203e-03,
                8.890766e-08,
                3.698309e-11,
                1.035249e-15,
                5.511736e-19
            ],
            [
                301.3513,
                6.57007E-03,
                8.810926E-08,
                3.661233E-11,
                1.102671E-15,
                5.730959E-19
            ],
            [
                301.3393,
                6.568216E-03,
                8.870932E-08,
                3.686241E-11,
                1.072081E-15,
                5.644733E-19
            ],
            [
                301.4060,
                6.565761E-03,
                8.805033E-08,
                3.693582E-11,
                1.126270E-15,
                5.590464E-19
            ],
            [
                301.3661,
                6.555488E-03,
                8.867036E-08,
                3.673157E-11,
                1.104859E-15,
                5.673649E-19
            ]
        ],
        "b": [
            0.001311,
            0.007803,
            0.018599,
            0.018578,
            0.018657,
            0.019877,
            0.020736,
            0.065019,
            0.038021,
            0.016169,
            0.075651,
            0.104860,
            0.016756,
            0.017841,
            0.016756,
            0.017311,
            0.032879,
            0.045757,
            0.276520
        ],
        "c": [
            0.99999,
            0.99996,
            0.99991,
            0.99992,
            0.99992,
            0.99991,
            0.99991,
            0.99977,
            0.99988,
            0.99994,
            0.99981,
            0.99997,
            0.99997,
            0.99997,
            0.99997,
            0.99997,
            0.99995,
            0.99993,
            0.99962
        ],
        "wavenumber": [
            669.33,
            680.31,
            688.85,
            702.65,
            715.80,
            733.39,
            749.12,
            899.46,
            1028.14,
            802.32,
            1362.20,
            1531.04,
            2185.02,
            2213.95,
            2232.65,
            2246.86,
            2420.81,
            2518.41,
            2661.92,
            14500
        ],
        "visChannel": {
            "a0": -0.30933333333,
            "a1": 0.00026666666
        }
    },
    "NOAA-18": {
        "PRT_poly": [
            [
                //2.818913E+02,
                301.8913,
                6.571395E-03,
                8.918025E-08,
                3.469261E-11,
                8.789154E-16,
                6.667266E-19
            ],
            [
                //2.823452E+02,
                302.3452,
                6.556452E-03,
                8.791554E-08,
                3.575126E-11,
                1.010300E-15,
                5.881786E-19
            ],
            [
                //2.821351E+02,
                302.1351,
                6.574104E-03,
                9.044518E-08,
                3.422432E-11,
                8.675638E-16,
                6.772438E-19
            ],
            [
                //2.818215E+02,
                301.8215,
                6.571375E-03,
                8.890512E-08,
                3.598827E-11,
                1.001696E-15,
                5.830618E-19
            ],
            [
                //2.823273E+02,
                302.3273,
                6.569930E-03,
                8.772601E-08,
                3.383069E-11,
                1.044107E-15,
                6.888075E-19
            ]
        ],
        "b": [
            0.001128,
            0.008162,
            0.019228,
            0.017887,
            0.019409,
            0.019968,
            0.109210,
            0.065734,
            0.043472,
            0.016207,
            0.071179,
            0.110780,
            0.017224,
            0.018594,
            0.019559,
            0.017640,
            0.029872,
            0.048696,
            0.280120
        ],
        "c": [
            0.99999,
            0.99996,
            0.99991,
            0.99992,
            0.99991,
            0.99991,
            0.99973,
            0.99977,
            0.99986,
            0.99994,
            0.99982,
            0.99975,
            0.99997,
            0.99997,
            0.99997,
            0.99997,
            0.99995,
            0.99993,
            0.99962
        ],
        "wavenumber": [
            668.18,
            680.94,
            689.68,
            703.81,
            714.34,
            731.54,
            750.56,
            900.46,
            1029.10,
            800.73,
            1364.70,
            1532.20,
            2189.20,
            2208.40,
            2238.40,
            2246.70,
            2419.20,
            2515.40,
            2666.10,
            14500
        ],
        "visChannel": {
            "a0": -0.5473857868,
            "a1": 0.00049492385
        }
    },