{
    "all": {
        "default_display_range": [
            [
                0.013,
                0.022
            ],
            [
                0.039,
                0.068
            ],
            [
                0.0713,
                0.0868
            ],
            [
                0.059,
                0.090
            ],
            [
                0.060,
                0.096
            ]
        ]
    },
    "NOAA-19": {
        "f": [
            [
                [
                    26.47922,
                    2.381473,
                    7.897082E-04,
                    6.277443E-07
                ],
                [
                    25.72883,
                    2.401215,
                    6.160758E-04,
                    1.114127E-06
                ],
                [
                    26.75906,
                    2.375112,
                    8.306877E-04,
                    5.707352E-07
                ],
                [
                    25.80272,
                    2.401580,
                    5.882624E-04,
                    1.307091E-06
                ],
                [
                    26.78935,
                    2.370714,
                    9.064551E-04,
                    2.251251E-05
                ]
            ],
            [
                [
                    29.61185,
                    2.2887035,
                    1.6972963E-03,
                    -2.3057174E-06
                ],
                [
                    27.10648,
                    2.3616672,
                    9.9403982E-04,
                    -6.0926371E-08
                ],
                [
                    26.16069,
                    2.3891686,
                    7.2644721E-04,
                    8.0799020E-07
                ],
                [
                    26.36162,
                    2.3854271,
                    7.4591186E-04,
                    7.8692681E-07
                ],
                [
                    25.97523,
                    2.3969429,
                    6.2918775E-04,
                    1.1872316E-06
                ]
            ]
        ],
        "RCAL": [
            [
                117.988,
                95.289,
                80.602
            ],
            [
                118.006,
                95.293,
                80.601
            ]
        ],
        "g": [
            355.9982,
            -0.239278,
            -4.85712E-03,
            3.59838E-05,
            -8.02652E-08
        ],
        "u_temps": [
            [
                275.28,
                288.00,
                299.45
            ],
            [
                273.61,
                286.06,
                297.43
            ]
        ],
        "u": [
            [
                [
                    1.709693E-02,
                    5.452098E-02,
                    3.468686E-02,
                    2.263756E-02,
                    7.784018E-03
                ],
                [
                    1.068579E-01,
                    8.246891E-02,
                    5.056471E-02,
                    2.977869E-02,
                    2.917676E-02
                ],
                [
                    1.914666E-01,
                    1.071100E-01,
                    4.829732E-02,
                    4.355207E-02,
                    3.218666E-02
                ]
            ],
            [
                [
                    2.494872E-02,
                    6.442000E-02,
                    3.170855E-02,
                    2.663255E-02,
                    2.431330E-02
                ],
                [
                    1.373525E-01,
                    6.585158E-02,
                    5.975961E-02,
                    4.189441E-02,
                    3.033467E-02
                ],
                [
                    1.903727E-01,
                    9.679756E-02,
                    6.289427E-02,
                    5.412508E-02,
                    3.707770E-02
                ]
            ]
        ],
        "corr": [
            [
                0,
                1
            ],
            [
                0,
                1
            ],
            [
                0,
                1
            ],
            [
                -0.0031,
                1.00027
            ],
            [
                0,
                1
            ]
        ],
        "wavenumber": [
            2.968720,
            5.236956,
            6.114597,
            6.114597,
            6.348092
        ],
        "W": [
            2,
            1,
            1,
            1,
            1
        ],
        "cs_corr": [
            [
                1.18,
                0.69,
                0.91,
                0.91,
                0.54
            ],
            [
                1.50,
                0.77,
                0.99,
                0.99,
                0.57
            ],
            [
                1.12,
                0.64,
                0.82,
                0.82,
                0.46
            ],
            [
                1.12,
                0.64,
                0.82,
                0.82,
                0.46
            ]
        ],
        "cs_corr_id": 0,
        "instrument_temerature_sensor_backup": false,
        "current_coefs": [
            [
                0.0,
                0.01681
            ],
            [
                -0.13710,
                0.0224
            ],
            [
                -0.10122,
                0.008054
            ],
            [
                -0.009060,
                0.001893
            ],
            [
                0.0,
                0.01337
            ],
            [
                0.0,
                0.01337
            ]
        ],
        "surv_therm": [
            363.4522,
            -108.10,
            64.212,
            -22.8659,
            4.110,
            -0.295
        ]
    },
    "MetOp-B": {
        "f": [
            [
                [
                    25.22634,
                    2.4163837,
                    4.6494415E-04,
                    1.6365573E-06
                ],
                [
                    30.25548,
                    2.2710961,
                    1.8562878E-03,
                    -2.7798189E-06
                ],
                [
                    29.08906,
                    2.3040268,
                    1.5469377E-03,
                    -1.8137212E-06
                ],
                [
                    27.69009,
                    2.3438489,
                    1.1731308E-03,
                    -6.5599665E-07
                ],
                [
                    31.28914,
                    2.2398676,
                    2.1687929E-03,
                    -3.8158923E-06
                ]
            ],
            [
                [
                    26.17037,
                    2.3897746,
                    7.1172484E-04,
                    8.7799399E-07
                ],
                [
                    27.87629,
                    2.3389899,
                    1.2133712E-03,
                    -7.6019527E-07
                ],
                [
                    24.75568,
                    2.4306772,
                    3.1972257E-04,
                    2.1302343E-06
                ],
                [
                    29.85037,
                    2.2832572,
                    1.7361599E-03,
                    -2.3889431E-06
                ],
                [
                    26.96129,
                    2.3670665,
                    9.2929553E-04,
                    1.8772013E-07
                ]
            ]
        ],