{
    "wavenumbers": [
        16666.66666667,
        11111.11111111,
        5882.35294118,
        2695.9743,
        925.4075,
        839.8979
    ],
    "vis": {
        "METEOR-M2-4": [
            [
                0.041256,
                14.648602
            ],
            [
                0.033260,
                12.122190
            ],
            [
                0.003260,
                1.511627
            ]
        ]
    }
}