{
    "wavenumbers": [
        16666.66666667,
        11111.11111111,
        5882.35294118,
        2695.9743,
        925.4075,
        839.8979
    ],
    "vis": {
        "METEOR-M2-3": [
            [
                1.553822,
                14.682910
            ],
            [
                1.247534,
                12.183343
            ],
            [
                0.158958, //
                1.475636 //
            ],
            [ // Points in use
                104,
                573
            ]
        ],
        "METEOR-M2-4": [
            [
                0.041256,
                14.648602
            ],
            [
                0.033260,
                12.122190
            ],
            [
                0.003260,
                1.511627
            ],
            [ // Points in use
                47,
                573
            ]
        ]
    }
}