{
    "NOAA-15": {
        "avhrr": {
                "Patch Temperature": [
                        89.431184,
                        5.208287,
                        0.000000,
                        0.000000,
                        0.000000,
                        0.000000
                ],
                "Patch Temperature Extended": [
                        91.970208,
                        31.498950,
                        2.697024,
                        0.000000,
                        0.000000,
                        0.000000
                ],
                "Patch Power": [
                        0.000000,
                        0.000000,
                        2.000000,
                        0.000000,
                        0.000000,
                        0.000000
                ],
                "Radiator Temperature": [
                        140.467696,
                        34.716048,
                        0.000000,
                        0.000000,
                        0.000000,
                        0.000000
                ],
                "Blackbody Temperature 1": [
                        3.441570,
                        8.167212,
                        0.034914,
                        0.000000,
                        0.000000,
                        0.000000
                ],
                "Blackbody Temperature 2": [
                        3.465314,
                        8.145576,
                        0.037730,
                        0.000000,
                        0.000000,
                        0.000000
                ],
                "Blackbody Temperature 3": [
                        3.514131,
                        8.155320,
                        0.037861,
                        0.000000,
                        0.000000,
                        0.000000
                ],
                "Blackbody Temperature 4": [
                        3.432581,
                        8.154563,
                        0.037861,
                        0.000000,
                        0.000000,
                        0.000000
                ],
                "Electronics Current": [
                        -4.265896,
                        205.534096,
                        -1.816705,
                        0.000000,
                        0.000000,
                        0.000000
                ],
                "Motor Current": [
                        -2.694274,
                        59.815948,
                        0.000000,
                        0.000000,
                        0.000000,
                        0.000000
                ],
                "Earth Shield Position": [
                        0.000000,
                        1.000000,
                        0.000000,
                        0.000000,
                        0.000000,
                        0.000000
                ],
                "Electronics Temperature": [
                        40.013320,
                        -6.038373,
                        0.073978,
                        0.000000,
                        0.000000,
                        0.000000
                ],
                "Cooler Housing Temperature": [
                        33.781268,
                        -7.130627,
                        0.062945,
                        0.000000,
                        0.000000,
                        0.000000
                ],
                "Baseplate Temperature": [
                        35.005740,
                        -8.766694,
                        0.563217,
                        -0.072093,
                        0.000000,
                        0.000000
                ],
                "Motor Housing Temperature": [
                        34.184100,
                        -7.482575,
                        0.000000,
                        0.000000,
                        0.000000,
                        0.000000
                ],
                "A/D Converter Temperature": [
                        86.460240,
                        -9.833891,
                        0.545627,
                        -0.050068,
                        0.000000,
                        0.000000
                ],
                "Detector #4 Bias Voltage": [
                        -21.333300,
                        4.333330,
                        0.000000,
                        0.000000,
                        0.000000,
                        0.000000
                ],
                "Detector #5 Bias Voltage": [
                        -21.333300,
                        4.333330,
                        0.000000,
                        0.000000,
                        0.000000,
                        0.000000
                ],
                "Blackbody Temperature Channel 3B": [
                        -1326.222976,
                        1500.404992,
                        -214.748365,
                        21.474836,
                        -2.147484,
                        0.000000
                ],
                "Blackbody Temperature Channel 4": [
                        72.703696,
                        -15.004030,
                        -1.169202,
                        0.000000,
                        0.000000,
                        0.000000
                ],
                "Blackbody Temperature Channel 5": [
                        2147.483647,
                        -2147.483648,
                        214.748365,
                        -21.474836,
                        2.147484,
                        -0.214748
                ],
                "Reference Voltage": [
                        0.000000,
                        1.400000,
                        0.000000,
                        0.000000,
                        0.000000,
                        0.000000
                ]
        }
    },
    "NOAA-18": {
        "avhrr": {
                "Patch Temperature": [
                        89.262104,
                        4.934400,
                        0.052277,
                        -0.012747,
                        0.003321,
                        -0.000297
                ],
                "Patch Temperature Extended": [
                        89.830296,
                        35.554400,
                        1.430600,
                        0.249223,
                        -0.051148,
                        0.004445
                ],
                "Patch Power": [
                        0.000000,
                        0.000000,
                        2.000000,
                        0.000000,
                        0.000000,
                        0.000000
                ],
                "Radiator Temperature": [
                        140.309008,
                        33.053798,
                        -0.340661,
                        0.434923,
                        -0.092515,
                        0.006892
                ],
                "Blackbody Temperature 1": [
                        3.451370,
                        8.144430,
                        0.042431,
                        0.000000,
                        0.000000,
                        0.000000
                ],
                "Blackbody Temperature 2": [
                        3.532760,
                        8.160811,
                        0.037937,
                        0.000000,
                        0.000000,
                        0.000000
                ],
                "Blackbody Temperature 3": [
                        3.415190,
                        8.187300,
                        0.033618,
                        0.000000,
                        0.000000,
                        0.000000
                ],