{
    "name": "HIRS",
    "presets": [
        {}
    ],
    "default": {
        "calibration_ranges": {
            "1": {
                "min": 36.86337852393436,
                "max": 90.26521770555036
            },
            "2": {
                "min": 21.860945248083258,
                "max": 64.63552322335914
            },
            "3": {
                "min": 27.528313519041642,
                "max": 63.53607343853232
            },
            "4": {
                "min": 33.77197564063395,
                "max": 73.68420140253458
            },
            "5": {
                "min": 32.61717170389527,
                "max": 72.14364078741876
            },
            "6": {
                "min": 48.340982701729416,
                "max": 96.31830558145973
            },
            "7": {
                "min": 37.60856077830433,
                "max": 108.95491257379061
            },
            "8": {
                "min": 35.266678425532355,
                "max": 126.21074057058743
            },
            "9": {
                "min": 27.14480985546382,
                "max": 65.77565230406127
            },
            "10": {
                "min": 50.57820840060952,
                "max": 134.08759114976593
            },
            "11": {
                "min": 8.464477102571498,
                "max": 27.262258761162457
            },
            "12": {
                "min": 1.8988460809180947,
                "max": 6.324475885735753
            },
            "13": {
                "min": 0.25090052629982906,
                "max": 3.458011661540242
            },
            "14": {
                "min": 0.06794863114178527,
                "max": 1.5039750628469841
            },
            "15": {
                "min": 0.042481925123864624,
                "max": 0.7141393449572725
            },
            "16": {
                "min": 0.040267785265826195,
                "max": 0.5422758950774257
            },
            "17": {
                "min": 0.08448533597875292,
                "max": 1.5378130319251546
            },
            "18": {
                "min": 0.013625278552660536,
                "max": 1.6150283119979534
            },
            "19": {
                "min": 0.00624513676775845,
                "max": 0.9748543273615964
            },
            "20": {
                "min": 0,
                "max": 1
            }
        }
    }
}